,Boca,River,Velez,Aldosivi
2020-01-01,-0.5143606884672756,-0.308548108174414,1.602380172906091,-1.5888733989075685
2020-01-02,-0.8725332696561067,-0.3051206456835559,3.1126193424135398,-1.4382646755748412
2020-01-03,-1.6431082038521474,-1.2735626058624268,3.441203559496347,0.3182422622476184
2020-01-04,-1.2712738106676296,-1.4522342000602564,2.613227014208017,1.5510613497381074
2020-01-05,-0.47306535380231596,-0.8403277417774997,2.009348180302891,2.082151222370264
2020-01-06,-0.030424656908158987,-1.285822710874514,2.502433407764502,1.7106657479826297
2020-01-07,0.5524444141275286,0.6015257651639005,1.7128370686721381,3.0356302223220304
2020-01-08,0.38842746818450813,0.6415851011307394,2.460306109065589,2.5256272556757686
2020-01-09,-0.23062586484358494,1.0389097094441895,2.6286419227366893,2.039943561896062
2020-01-10,-0.7925692911226965,-0.4124223519380248,3.9624641226209096,2.5679006564754974
2020-01-11,-0.2860775585880837,1.1004683784937417,4.431302788207675,3.057066717028208
2020-01-12,-0.25737368515169906,0.9449346728045618,4.846250184303605,3.3505711133734186
2020-01-13,-0.054144496788486374,1.4829687353610683,4.565828744829784,3.4122769295669575
2020-01-14,0.8222893393556161,1.2174557598584819,4.469930367987659,4.06348136312991
2020-01-15,2.496487596954258,0.9015494864718951,2.546206937995108,2.9374246598667737
2020-01-16,0.8382263057167436,1.8897524240200778,2.6596062994412257,3.5245389805440217
2020-01-17,0.7862094134011111,2.1963454959714523,3.330074043146222,1.0050264088010277
2020-01-18,1.3556906563324287,3.2943084099807542,3.159254970576512,1.2368201139040311
2020-01-19,0.9039042430266987,3.212175237327557,1.7825194825486619,2.7218718288142894
2020-01-20,0.9509325628586284,3.8429238229338174,0.9956781356600914,1.4515630679169933
2020-01-21,1.4491052980029528,3.3837959889811096,-0.4023063389749979,0.3448849639566034
2020-01-22,-0.4584561078178848,3.808848295666894,-1.7249648658274763,-0.538265331691079
2020-01-23,-0.2855785496490808,5.463071634133987,-0.8732633579905056,-1.7200491826512867
2020-01-24,-0.875213684764588,5.490508550524117,-0.8987286927890049,-1.6194973132935744
2020-01-25,0.18316668887327936,5.1098199174373,-1.6603387825474116,-1.1977483501907955
2020-01-26,-1.1740183994092126,5.866332912666159,-1.0555614566356566,-2.495290299177536
2020-01-27,-2.5815721390819113,6.968100188995404,-0.9679327359205103,-3.670670214236326
2020-01-28,-3.6071732074498324,8.025279524834623,-0.7235597947452206,-3.1238157297378706
2020-01-29,-3.9436913680156893,7.883990920136715,-1.44065890771361,-2.5732090759724513
2020-01-30,-5.060642733167633,7.771429135911926,-1.5801248303497855,-2.8586686728931054
2020-01-31,-3.4013299490371542,9.59784340871757,0.6144711890419896,-2.0862419846336366
2020-02-01,-2.18328654487238,8.36538124388316,0.8103455606660311,-1.2305169952367767
2020-02-02,-1.3792274763887602,9.87853610671941,1.361238927795095,-0.24809617215491198
2020-02-03,-0.9550524387653052,10.067007695200067,1.6921039153156252,0.5372189000186559
2020-02-04,-2.484676465100317,10.87903189831072,3.0478975470699146,1.3225613835493362
2020-02-05,-0.9124797018518853,11.66580451305509,0.07613869734244627,1.7480212149231495
2020-02-06,-1.3110109422610758,11.243037255671602,0.11938245774755549,0.8163310509571119
2020-02-07,0.37814664781533147,12.07209343876331,-0.9638099142340042,1.0324082304828253
2020-02-08,0.04115704090153394,12.167474870554056,-0.752079808260306,1.2565966966769242
2020-02-09,1.030400973874714,11.980560738913109,-1.7667955049975448,2.345707552349551
2020-02-10,2.9449841399312726,12.213106871311764,-1.2581265676863347,2.419414043985161
2020-02-11,2.2956005069530683,12.174940447053586,-0.8558426464341188,2.3732290105363196
2020-02-12,2.490386101940448,13.992008536002817,-0.031003277352158465,2.5601955675096186
2020-02-13,2.337857874552707,13.248129002974377,-0.6312636996624167,2.1024803388469167
2020-02-14,1.6711057978477215,12.377883812408879,-0.91508534578881,2.9550758468095983
2020-02-15,2.2144538412164065,12.220394815180827,-2.3391319252861225,3.371715808098277
2020-02-16,2.7063668058233614,11.717733569354188,-3.6631074706791247,3.305407972451764
2020-02-17,2.2783783840728438,9.532192666573193,-4.283125952182781,4.634079830942361
2020-02-18,2.130075879450985,10.533563201903505,-3.2746863354148745,6.305126483303675
2020-02-19,1.8294346874787826,11.162658431165925,-4.7157898756460295,5.524117055183658
2020-02-20,2.7431814525811866,10.167151160711127,-5.123585079476493,6.983851012907947
2020-02-21,1.27195454085523,10.663210515258886,-5.794040515098148,5.887259923306035
2020-02-22,1.5628768367162509,10.616822731170863,-6.398533349143111,4.56537786591549
2020-02-23,1.7250432768457646,10.623577907284108,-5.865215298211222,3.3614246777093717
2020-02-24,2.226440824260463,9.395695955835421,-6.625779596147517,1.912846087786235
2020-02-25,2.4965114541651534,9.680608370465258,-6.538682031223656,2.09256124867146
2020-02-26,1.9218174939415977,9.529466936627758,-5.119388339021756,1.1309220957353467
2020-02-27,2.5104426260389223,10.166274701604262,-5.56109103094718,0.6111586026929563
2020-02-28,2.556168760523359,9.612385407231889,-6.501623329866542,-0.1989521411131523
2020-02-29,2.701579020951079,9.021057410788378,-6.8105671097799805,-0.4398712816476525
2020-03-01,2.0612947023766703,8.699201421962268,-7.183876443188892,1.0663480548746191
2020-03-02,3.975213143945318,8.444504443420861,-5.59696651761006,1.4774221068981834
2020-03-03,4.1609822423820075,7.264018921172634,-3.1746779600317,1.2539058366119633
2020-03-04,3.5122402044293755,7.950277690751446,-3.425836952885205,0.8239606969874973
2020-03-05,3.058912058644571,7.1873459837175995,-2.1868084773926757,1.5023832742686174
2020-03-06,4.2032238788382825,5.488575217473131,-1.5434969277486914,-0.3053715809571034
2020-03-07,5.176857653448546,6.745019077172403,-0.5165893404791366,-0.11628211707449546
2020-03-08,5.964230632103005,7.361957481769234,-1.26207430974357,0.22193954811703434
2020-03-09,6.580486839583027,7.196499216599817,0.34513936988449734,-0.7101686457811235
2020-03-10,6.634052339492786,6.156384512078169,0.31671926907284437,-0.4138790305459701
2020-03-11,8.670078728863194,4.936131493605572,0.5438757772737746,0.3750385408185607
2020-03-12,7.7243659108948055,5.200920245549973,0.8236516911919771,-0.4381486025860202
2020-03-13,9.955663624095012,5.872035405091948,-2.0296051706934035,-0.49124349417977997
2020-03-14,11.657688745915124,5.13943053236904,-1.6757146089296324,0.08299816319603803
2020-03-15,12.202411558655175,3.9445947082455546,-2.0447937971133126,1.035522309155475
2020-03-16,12.28477581019001,4.041833861102179,-2.9114584740892973,2.133005365757688
2020-03-17,10.99069190293093,2.8594681566529747,-2.023860118930852,0.3768606422690186
2020-03-18,12.266779197138131,2.9381236459708164,0.2941864968058656,-0.3084035503140906
2020-03-19,12.586497897944552,2.008063215896334,-0.13411835975275915,-0.7372455136657055
2020-03-20,11.168147789077834,2.7070840714560878,-0.15542127609894818,2.01768061467331
2020-03-21,10.144486392453386,3.568946392390223,0.8412816492168472,1.0381175572843553
2020-03-22,11.034227724474,3.1340251635976735,0.02040293439207519,2.266030524896598
2020-03-23,11.095987122645136,4.1485301680882465,0.546190072025026,1.715602951646028
2020-03-24,11.000941276923163,3.6596518071636623,-0.22990727672192268,1.625531109487959
2020-03-25,10.697727674005293,4.723787226582971,-0.2272809594018348,2.1106469825802128
2020-03-26,9.627138283659251,5.309648246006049,-0.9283239300024998,3.3375465154926904
2020-03-27,9.401818633326666,3.638246776834272,1.6705080885425216,3.2466186820419494
2020-03-28,7.680290487467426,3.7251327953358344,1.3263249659105236,4.887737998098247
2020-03-29,9.022591004200779,3.7421831311176357,2.6615589279550207,4.6336674891144725
2020-03-30,12.327137036802872,3.779925675158086,0.10637466406527185,4.539710030041681
2020-03-31,12.143237645254906,2.937341056729547,-0.8721410458196972,4.826131385863581
2020-04-01,12.515929743872677,1.9472033614984792,-1.0133030311212572,5.512876252388748
2020-04-02,13.861802775395496,0.6765315537666403,-2.357784397317532,5.036470073904618
2020-04-03,12.841572337735595,2.08836353305559,-2.2402207899672066,5.696295453713412
2020-04-04,13.995646269333616,0.6418977163703403,-1.5831149129687203,5.205783694222887
2020-04-05,14.297693057433332,1.2358083961828685,0.13008965661775895,4.902120623081906
2020-04-06,14.67409368978513,-0.019984159183682015,-0.4126794432545686,4.610632175415001
2020-04-07,14.563595349732463,-0.20229763030682305,-0.8637811978163326,5.185307458132072
2020-04-08,16.102255794432935,-0.5809829909559463,-1.2766284804653063,5.108197865730359
2020-04-09,15.854861958709476,-0.5864003182126015,-0.9542366930091968,6.503248741242004
2020-04-10,17.55476138553282,-0.17323924951476782,-1.3054564913865416,5.59852267025045
2020-04-11,15.674176565558803,-0.061224227736545025,0.9630722918284844,5.782603801089156
2020-04-12,16.06090488104003,-0.7536652795001209,1.3957483911352235,5.366046630868508
2020-04-13,15.915847994604949,-1.2520185500355574,2.0179682822623493,5.831317368365618
2020-04-14,15.437074101036796,0.10430227579391382,2.3650109388201885,6.088341832174393
2020-04-15,15.656758000047066,0.25123290706170587,2.247778590284297,5.396594573928052
2020-04-16,14.955527183957116,-0.6329434594677378,3.1065933011173055,6.5688052022984404
2020-04-17,14.396857603567309,-2.1804072431623327,1.269452842798467,7.769337982107146
2020-04-18,15.968794027388803,-1.856332333041137,0.339918096235984,7.274375342225223
2020-04-19,13.975072982141475,-0.9618564375338899,-0.7931576563536671,6.179397572462922
2020-04-20,14.867743983634796,-1.2270532557894454,0.20490975537188583,4.162579588100006
2020-04-21,14.118728518392276,-0.24740959311563604,0.9410429681420167,5.312799243253044
2020-04-22,12.849090719671548,-0.06537650434404402,2.0356098701906906,5.730470945834101
2020-04-23,13.677132965962196,-1.85808429608077,2.056791494081503,5.765790316248445
2020-04-24,15.099602049801756,-0.794416317969197,1.4141759773150326,8.155473265286082
2020-04-25,14.616392093003709,-1.1260541383632918,-0.004664889837519892,8.246967629064253
2020-04-26,13.806384829230321,-1.8636128613089438,0.4263968083959142,7.913305575052873
2020-04-27,14.14013871968358,-1.7287835890270569,0.678117864544943,9.684751985663477
2020-04-28,15.107532260673624,-1.4935454068950427,-0.13565039844179982,9.328338025481266
2020-04-29,13.989186305622047,-1.2048564927021739,0.27425420600562467,10.000063451965287
2020-04-30,13.016334662720615,-1.9147019424454985,0.054075994399418625,8.452975718909963
2020-05-01,12.672655909798232,-1.4065845021898604,-1.2749084541747122,7.668229924006672
2020-05-02,14.464353004484197,-2.4020455865376737,0.40961878518307615,5.991969596741401
2020-05-03,12.217937219902476,-2.535671731696307,0.6530390192105451,7.148402595965437
2020-05-04,12.844351188283358,-2.9968172733629026,1.1237973859843655,7.417319360588443
2020-05-05,13.251746541067218,-2.0551913531497514,2.2908546401810126,7.197548158222345
2020-05-06,12.261183935811715,-1.918109158126311,2.1852828499354526,6.678775011979486
2020-05-07,13.377097939064218,-1.6758864743314261,3.41361897082738,6.399107579064847
2020-05-08,13.820771768941798,-0.7747786026385937,1.3098671299658906,4.386615549864642
2020-05-09,12.372170450688657,-1.0681393929683454,0.8738861500892087,6.804503093585239
2020-05-10,12.388987898517263,-0.9202692284227689,1.6622770671566145,7.44395461415798
2020-05-11,10.864663048991437,-2.0182335650476118,1.066897853541203,6.883914633402722
2020-05-12,11.78042869895915,-2.6626409351712805,1.4511886912024112,7.428892611876175
2020-05-13,12.758386828573228,-3.6481728069066492,0.8743041032533371,6.723099814680976
2020-05-14,12.28988386075928,-5.11158604662757,0.799397313290864,4.986742946322369
2020-05-15,12.01917273957082,-5.297421928243645,0.04934460870642643,5.470052309341281
2020-05-16,10.382854833463906,-5.367178126169128,1.4069716554503662,5.47070923868276
2020-05-17,9.64151880789637,-4.671983348842907,0.5866357236070119,5.2423401447032685
2020-05-18,8.663678785158252,-6.337886909383931,0.25586998768305363,5.181553344964761
2020-05-19,8.690552489871516,-7.109199969600673,0.5618924175211562,4.008086984840023
2020-05-20,7.847775181837255,-5.756249108669997,0.7963457325385738,3.0088265212780057
2020-05-21,8.109903831112335,-4.62385596493856,1.3212785977849482,3.147477356700589
2020-05-22,6.635461887455715,-5.885312010268979,1.48906929780584,4.550796777713754
2020-05-23,6.633202899017705,-5.6099723727698985,0.8146970160805581,2.9118825131539827
2020-05-24,8.481706113316932,-5.431048473739317,0.7955560369884177,4.037328523716997
2020-05-25,8.604295773510428,-5.245532688830112,1.8733774914700194,4.8560858563361515
2020-05-26,9.123589754080811,-5.292488733711693,3.6533477122536544,5.622907854645842
2020-05-27,11.408577179603295,-5.2163474326425545,3.8918216212364514,4.539296331365195
2020-05-28,11.10660556070419,-5.653557161435519,3.7952137317301022,5.699652857005346
2020-05-29,11.205635532214202,-6.066840133838446,4.851227847811187,6.435341836138843
2020-05-30,10.137935487403139,-5.310589024154558,3.4322947220286144,6.262210554528039
2020-05-31,10.812316987725241,-6.613793913774979,3.6077724345173108,6.382609441758487
2020-06-01,11.97838684927296,-7.88672489572421,2.314318038370011,6.847023905893222
2020-06-02,12.314070472964763,-8.588543928033193,2.254774049917889,8.343389789691965
2020-06-03,11.729161768093215,-9.034182452474141,2.343012402320007,7.778411894107433
2020-06-04,10.320766364514053,-11.062032994022728,2.244612638213369,8.462739700328575
2020-06-05,10.311975666580308,-12.009591302897084,0.7995941633934445,10.16691533949016
2020-06-06,9.5259524376357,-12.966955005356887,-0.2799973054844138,9.219052891464898
2020-06-07,8.98534166195814,-13.675590678743202,1.4643424323931324,9.99706827193584
2020-06-08,8.994232255302965,-13.811478715992259,3.0592121104770538,10.425598342375753
2020-06-09,9.133413053439629,-12.740011035081055,2.6294556653390067,10.19402303202281
2020-06-10,10.043996586277515,-12.894472235818764,3.4642590265487234,10.789394410680544
2020-06-11,8.533767206259741,-13.747522703621804,3.405862399881641,10.911404510104324
2020-06-12,8.508825079661431,-12.383115254438483,4.174694403526348,10.363918998873109
2020-06-13,9.57032350487667,-12.863627521172921,4.19945597349251,10.234879672978114
2020-06-14,11.401802949281791,-14.079385195972424,4.425046654874605,9.270843525580553
2020-06-15,8.707464554496813,-13.031281224188323,4.690862252390503,8.762084313229941
2020-06-16,9.486161846383057,-12.947580342791253,5.544508989539708,9.904745698109728
2020-06-17,8.80080993048878,-10.925471910772876,5.751887092004676,9.573390273215649
2020-06-18,9.351568862595517,-10.411559344281429,4.638296097952716,9.279250027854273
2020-06-19,10.770053726265878,-10.353673481299191,2.1829677693035423,8.923739191104344
2020-06-20,10.424795020361785,-12.3706874211252,0.7098274191763174,8.882773717321436
2020-06-21,11.678090032935804,-12.397901327620458,1.203419569476616,8.886800393409187
2020-06-22,10.829612682216617,-11.971789506278807,1.6189523931529215,9.858236848571543
2020-06-23,9.918845003498518,-10.873547157248204,2.5419994579481657,8.979326683818785
2020-06-24,9.120475227994197,-10.30287658490004,3.530282221855619,8.732790194036125
2020-06-25,9.652215867420056,-7.504660730946051,4.129508943535204,8.97491466627827
2020-06-26,9.134734638716578,-8.20643009865001,4.914902560742195,9.740128676248158
2020-06-27,8.64458412663227,-9.215923725211669,5.713708462964364,8.965542960811431
2020-06-28,9.110619240419116,-8.447679658135007,6.60830893755677,10.070531088115578
2020-06-29,11.295319986680626,-7.5711429274625655,5.9166012244417345,8.547820043971573
2020-06-30,12.671697133548605,-6.411114972505776,6.465596083703091,8.860502671112528
2020-07-01,11.921009405622108,-5.292734774507504,8.396980604368128,9.292369369497925
2020-07-02,11.541243614958686,-5.811594047494932,9.562737297538053,8.302087217239125
2020-07-03,12.575568642524516,-5.588294692252628,8.794197184098866,8.700369990815807
2020-07-04,12.64729673844291,-5.095604019833128,8.864267337376063,10.156535560749107
2020-07-05,12.070838429096012,-3.7364641139805403,8.255731788382931,8.601510628758195
2020-07-06,12.735108855356778,-4.252943066530487,7.555137880780088,7.155937917714983
2020-07-07,12.401413439256032,-3.452965426670037,7.555827450661207,7.022014101342233
2020-07-08,12.797685277665584,-4.598184679621437,7.13190526790591,9.617807127599349
2020-07-09,11.937303487342568,-4.410676782594811,5.7248454080281554,8.381863925483039
2020-07-10,11.83070281904237,-4.917162426894896,4.5874087822236875,9.334107908864343
2020-07-11,10.66426408492262,-7.165456388962756,5.717771092545096,8.728719430549981
2020-07-12,10.576375200701834,-6.925553133745726,6.635789710426242,8.96122406021525
2020-07-13,9.991794770866909,-7.724090005778141,6.5195700304137825,9.962204958930366
2020-07-14,9.024633720713224,-8.705070288281632,7.447277069568809,10.817263632488972
2020-07-15,9.798276511090183,-10.58758306459113,7.345102096909348,10.522939480037289
2020-07-16,9.945733591803096,-11.024777540637752,5.3180115855819965,11.346926827727874
2020-07-17,8.684331130206054,-11.590626687551508,6.102426956687439,10.491674229485248
2020-07-18,8.318939741645853,-11.640263320142617,4.51859052493756,11.836370397372336
2020-07-19,7.689767548948907,-9.998375562104398,4.347342341922552,12.189950094161253
2020-07-20,7.9262884061992605,-9.547907278373645,4.073034063769975,12.78341682786246
2020-07-21,7.739939740325868,-10.27070525568661,4.393830273985132,12.934864587753301
2020-07-22,8.1241331236371,-9.227112514137437,4.427308920733529,13.14739309221567
2020-07-23,7.099563383576239,-8.686321246035414,4.204866062767602,13.803914905218294
2020-07-24,5.8614326784342285,-9.403196804144407,2.2930734716825327,12.177662266247747
2020-07-25,5.71537051059223,-12.007890704741467,1.517893798530412,10.630654536965146
2020-07-26,6.287976241916477,-10.798116461579019,2.272613547084519,9.491633111087635
2020-07-27,5.542925680099746,-11.835891846536862,3.516767383405104,8.903086084036147
2020-07-28,5.782649684289664,-11.957256087918969,2.166005900771532,8.166535705562262
2020-07-29,6.924993660017684,-13.174071234192192,0.5798112146285241,8.575553929708482
2020-07-30,6.904836964710813,-13.565049617476731,0.8820579343215228,7.821156090357762
2020-07-31,6.510890467193627,-14.11162422267898,-0.6392914045292156,7.8549521369495805
2020-08-01,6.934187856999179,-15.173266238895694,0.48243741981570676,7.7271306627594365
2020-08-02,6.107866681819425,-15.66767629187337,-0.12483458445977225,7.404676140504809
2020-08-03,5.287899196086561,-15.422111358396753,-0.3003177468972189,8.401855474072415
2020-08-04,6.338057308277191,-14.07513270566017,-1.1125452404863911,10.086072992725843
2020-08-05,6.642695678221259,-14.289923505524328,-1.5112734708548077,11.743437753311492
2020-08-06,7.598593865660647,-15.652091539968946,-0.4552176443545919,11.038690906086591
2020-08-07,7.253485652730027,-14.162089627897442,-1.2258503229477509,11.331809840038435
2020-08-08,7.09298772217191,-12.648070832582773,-2.081623430229771,11.549640476224091
2020-08-09,8.830581272099446,-12.871701826831348,-1.19193900010545,11.213562414583196
2020-08-10,9.826042725890641,-13.342164461621914,-1.5602189952512386,10.896397304453739
2020-08-11,10.616252695074223,-14.812393008252489,-2.3614387432437054,10.757059613891624
2020-08-12,9.569803012773486,-15.2235170799069,-1.9424977017826714,9.787458014489836
2020-08-13,8.781444088295423,-14.961813739074753,-3.800923397337006,11.51957970178002
2020-08-14,8.748098512946651,-15.287643297732616,-3.280032232559337,12.428675422177665
2020-08-15,7.223890840874576,-14.926689589027053,-2.3035421866897865,11.31878218620411
2020-08-16,7.154621834740266,-12.996477991175434,-0.1881756758723636,10.714639396878283
2020-08-17,7.3988806463243755,-12.353300947952569,-0.3201681224020385,13.333054400039378
2020-08-18,7.12604482427011,-12.373712609089583,0.0604260972166209,13.067431736167261
2020-08-19,6.667106648480524,-12.265020875722747,1.0938669852668315,13.146116662485307
2020-08-20,7.424154445629705,-10.617335511622121,1.4823351433768854,11.774128436937364
2020-08-21,7.5967117751933575,-11.115837623279317,1.5620034712950632,11.844725005448389
2020-08-22,7.910015170298447,-13.329069465727192,3.3900310914054907,12.473818311031765
2020-08-23,8.921417664406233,-14.160298562242009,2.928358924985954,12.395621580423516
2020-08-24,7.092449660225318,-14.083250598870727,2.2173037395901245,12.964331203706942
2020-08-25,6.397493496479767,-14.21355016272685,2.772173432008479,13.421396913932604
2020-08-26,5.196949265248789,-14.67870390756581,3.7496718309664137,12.922128376666334
2020-08-27,5.781002733247251,-15.844680770529965,3.7218833156407882,13.755531524323285
2020-08-28,6.609512399123663,-14.630971128086689,4.176729633832623,12.7554029724509
2020-08-29,7.889528226913763,-14.368788978852798,4.832958275045433,14.427191193658834
2020-08-30,6.7216813469095475,-14.417221976671279,3.8212268436775325,14.97759985132685
2020-08-31,8.112038723973601,-12.757584596090037,4.77071822659789,14.200004971743104
2020-09-01,8.68965911209771,-12.295251601051755,4.089767843932812,13.556534618140683
2020-09-02,7.0517034943326315,-10.80747720497575,6.1211981235280195,14.073712043960933
2020-09-03,6.015190483545235,-11.958015509644666,7.089404350553969,13.588660627911654
2020-09-04,6.158489534205426,-11.452286769122466,8.088157528900968,12.154081456900965
2020-09-05,6.758339714353268,-11.758277366775815,9.91931577168526,9.541090156693379
2020-09-06,7.643788044761271,-10.053847999726322,9.388887288021559,9.044349439243184
2020-09-07,8.469110458715331,-8.999231843423711,8.909539231727132,10.636563388631194
2020-09-08,8.134302990941595,-8.619841309263682,9.095429041864483,9.563731590153857
2020-09-09,9.408793482186125,-8.388459530176402,9.307399794462798,8.259579459495889
2020-09-10,8.682665397523706,-7.366601826449798,9.903821324759738,9.368666769297757
2020-09-11,9.429399485029748,-7.195692714413781,8.531592232633665,8.947753083635854
2020-09-12,8.41817776222858,-6.551744669831294,7.656979336937571,8.423801400015957
2020-09-13,8.24286877320382,-6.584179527652993,7.528646587104068,8.682240031718319
2020-09-14,9.652774333655522,-7.371558244600894,8.525423009819546,9.320865610550984
2020-09-15,7.8745524660875175,-5.513049284223661,8.732378923285564,8.896535934516733
2020-09-16,9.304890471197789,-6.17191914987231,7.428854778491344,8.167074092064743
2020-09-17,8.813454784102298,-7.182019507420129,9.09693046459255,9.30705770796456
2020-09-18,9.056789265484413,-4.990871389485109,9.711566913881503,10.15084015019581
2020-09-19,8.435464235475342,-6.746009228358542,11.668990647981117,11.10748553579786
2020-09-20,7.675559574082139,-8.082072832877335,10.083526161294175,11.028424533996164
2020-09-21,7.349831883991248,-7.652327575141889,8.86795069977037,12.127727999237544
2020-09-22,8.01997573576102,-7.695614790010792,9.786336085143564,12.333105186423817
2020-09-23,7.187027620363182,-6.351979669736368,10.622122770385875,13.360797345523846
2020-09-24,7.182545628744741,-8.164146039653653,11.919566280931441,13.149179232564583
2020-09-25,7.241888152030062,-8.540540732280741,10.984481938259472,13.101896741733032
2020-09-26,8.895212699370907,-7.449937974633572,11.857441388984522,13.180445587545085
2020-09-27,10.232562525522386,-6.391778191146322,12.469238173843276,11.99345349717517
2020-09-28,10.236869369806328,-6.893575931511571,12.728751071207979,13.55674777164025
2020-09-29,8.67272286945632,-5.725560102798515,12.84915266464188,13.086859211237536
2020-09-30,8.683112119201711,-4.9665874322600585,12.56986674749788,14.76326655451716
2020-10-01,11.012027823639322,-4.402802388140739,12.29201525148203,14.759490011304852
2020-10-02,10.198197943090989,-3.7515188249892963,12.57020551535887,12.833080803997287
2020-10-03,9.046691978990882,-3.3376012588952655,12.317285293143938,13.932432503474482
2020-10-04,7.848621957777763,-3.243001058868595,13.356810347533349,15.267792730792694
2020-10-05,7.9910895405497175,-4.6545496730655636,14.29176237284122,15.363659342748697
2020-10-06,7.3602710906662825,-5.5319428314981725,12.3897414965403,16.575172604980203
2020-10-07,8.566210664715987,-4.809759556586371,10.430015533039647,17.329377304711656
2020-10-08,9.232184738010915,-4.55939317015572,8.881349458662667,17.573051126590347
2020-10-09,8.065530423427898,-3.5405236885636278,10.216376032784678,16.950697810113656
2020-10-10,9.271377223961355,-3.7993927288824656,8.88690526477954,16.954178009653823
2020-10-11,9.64554169420742,-3.967820707922346,9.83860858773058,15.686613230456892
2020-10-12,9.072487201966398,-5.009466563194449,9.756268442556316,14.985165261010879
2020-10-13,9.620981137993512,-5.9337254673169095,10.182314401808961,14.19447454365526
2020-10-14,10.11437967875939,-6.1268410081402696,12.140000763221163,13.789927670726474
2020-10-15,9.888318127791061,-5.252153185196761,12.882848541699023,12.331567863740707
2020-10-16,9.462474403670392,-4.677830511590788,13.331502624351824,12.502334203759132
2020-10-17,8.00912903093404,-4.146210640721413,13.851800823057511,12.263983228230012
2020-10-18,9.284212943187097,-4.747392954692052,13.630248089499172,10.032571982165406
2020-10-19,8.890340108025555,-4.036194931019429,14.260916683580698,10.275038873750834
2020-10-20,7.852814237089435,-3.7460512014651,14.069373769993145,9.173768934846528
2020-10-21,6.533591644192965,-3.8007457966580205,15.370220426166423,8.76297094371826
2020-10-22,6.343375488560774,-4.65994044554908,17.290351930465345,7.973239618363804
2020-10-23,4.253376583112839,-2.434782966542741,18.16386702896037,8.612555891889176
2020-10-24,5.975278426287257,-1.6346765154441019,17.510717555941795,7.667619770172697
2020-10-25,6.823100021667983,-2.8665403486757928,17.317251091152027,8.068495971928957
2020-10-26,6.7237306070304665,-2.745244423923476,17.789234783619015,8.306882706793902
2020-10-27,6.2284709774043066,-3.567443206355633,16.283182462063,8.107396108579177
2020-10-28,7.0043091132280075,-2.202558084664809,17.86145998133673,9.126031244683737
2020-10-29,9.186184756720575,-2.2703168373378726,17.63902328459656,9.654300184305447
2020-10-30,9.027059403241928,-2.6132662754574976,18.14693417302028,10.286240307788441
2020-10-31,8.813145006870167,-1.550090474521108,17.630451551634895,7.874048412119555
2020-11-01,8.207154975753637,-3.4638011334463057,17.098140640940276,8.527703988763415
2020-11-02,5.902230849302558,-3.1324440582963358,17.406198840462608,9.025569559448407
2020-11-03,4.724532559453821,-2.6789358580259317,18.417665226903885,7.6982893631099145
2020-11-04,4.601760648009024,-3.5804787835372514,18.632508083493082,5.7479845545609605
2020-11-05,3.32922125209601,-2.7673524827876155,18.49242422850227,4.225411616926649
2020-11-06,3.3635893601672504,-3.086637085053437,16.796091129172822,4.783802421421576
2020-11-07,5.309675537345455,-0.007819795414690134,14.994266119874563,5.152245017910029
2020-11-08,4.953226257724555,-0.05017636321368143,14.3045202327596,5.25669197244529
2020-11-09,3.844311727577927,0.32279839371340785,14.240222508851227,5.341704280746064
2020-11-10,4.333233026366932,-0.015164414343163346,14.163485761310186,6.774887337137
2020-11-11,4.88579933509873,-1.052239508651368,16.575324339102433,5.836970223514101
2020-11-12,4.115218751627915,-1.287817118715871,15.954618350134638,5.232983921424726
2020-11-13,2.90541493824626,-2.0302136721475788,14.855469010865622,3.1459951715089867
2020-11-14,2.3451773907455222,-1.0752205168771571,14.847351754362613,3.6539673231710266
2020-11-15,2.650183144398334,0.7101764353409628,14.940515003682439,4.384767313497265
2020-11-16,1.939830489312886,0.813088696118406,16.22267847812386,3.910327362678819
2020-11-17,0.22982478215317426,0.7614636718273707,16.404631175935442,3.4117451169233775
2020-11-18,0.6697407590794666,-0.5017932042061247,17.25748168014211,5.024136391750499
2020-11-19,1.8718190857829116,-0.6957710301113156,18.424491591678336,3.929401723654527
2020-11-20,1.4119914051417006,-0.8327197910789554,17.778547129932917,3.565620023214608
2020-11-21,1.6121801860494196,-2.600583721972632,16.523394152430317,5.187380159787421
2020-11-22,2.4274022367185046,-3.4787743165825415,17.493005365127665,4.543717001409431
2020-11-23,1.8031812400509661,-3.436137247869286,18.172575831629878,4.115106230978091
2020-11-24,3.7063175993015927,-3.8282485306847365,17.920556247725106,5.140105611223057
2020-11-25,2.9177482648050788,-4.778584338222923,18.51787003269307,5.407727963544769
2020-11-26,3.9532277075582734,-3.232122414002543,17.81949613948332,5.089067235276871
2020-11-27,3.64464996308724,-3.9320127144921884,19.094055329579508,4.6942520414139235
2020-11-28,3.931885268534547,-4.486404336428375,19.173061338190553,5.718851924731464
2020-11-29,3.169046141237957,-5.801762255760314,19.506901918449202,3.818000608532489
2020-11-30,4.073498548654841,-3.984342869341986,18.637981738470927,3.116245827262944
2020-12-01,4.18405788562836,-5.482717597465756,19.090801591598908,3.9950088993434925
2020-12-02,5.179813662833572,-6.257733832369809,19.358673023028267,4.962281609895542
2020-12-03,4.208345857736282,-6.62896783761297,17.85086194294407,4.384291795159777
2020-12-04,4.273450373832857,-6.801270678914715,18.029202661209496,4.365879051691597
2020-12-05,3.7021013927223834,-6.457033374409128,18.014934884674073,4.67511416763721
2020-12-06,4.567924538871761,-6.421340329442575,16.953934474596018,3.3597815845251717
2020-12-07,4.068206857282658,-7.166388889389486,16.990947980170567,2.372230004717202
2020-12-08,2.951695150494923,-6.625037035402686,16.503352842528386,2.642179901836173
2020-12-09,3.0565448555198915,-4.3875787338323,16.66027864286044,3.134984765820959
2020-12-10,2.0357786770645134,-3.590585193695505,16.932539702040902,3.5915049227254805
2020-12-11,1.789418520864893,-3.8024337171948823,16.225379562390415,1.8414670393408106
2020-12-12,1.3789441682069747,-4.176755907930424,14.910879241199252,1.9780568620912597
2020-12-13,1.2537343181188585,-2.18825983129318,13.906183479795004,2.0941823634378007
2020-12-14,1.9681137278049017,-0.6186655410624828,14.249281831591224,2.44241226249698
2020-12-15,2.858386411207762,-2.712908030578027,14.41757267726605,2.1381434976154297
2020-12-16,2.5958645268992626,-2.177392810573429,14.99288306206859,2.2731432303643353
2020-12-17,3.7118542844690325,-2.3577155381515835,16.07064321075083,1.5349378461221237
2020-12-18,3.5808151945438262,-4.931627020489888,15.642110805988086,1.4001380272882789
2020-12-19,3.18555499110762,-4.389809929890664,17.83300653143928,0.16510511284505291
2020-12-20,3.08461497672087,-3.9719850204235874,18.145174468398626,0.3544768815358279
2020-12-21,2.9008915146294854,-4.994229015713438,18.02871600970976,1.1668051286740777
2020-12-22,3.323619971950481,-5.118183246338847,18.21411747839581,0.9726281606074081
2020-12-23,4.594157541214301,-6.43535955431551,18.253952029306813,1.809659818333016
2020-12-24,5.420802206821789,-6.209532764110246,17.110416989943072,0.8602009355954542
2020-12-25,4.950230821063142,-5.969699253780202,16.845929394322525,2.294197800278968
2020-12-26,6.47134085775147,-6.996923861124861,16.375901032334728,2.5775170818450617
2020-12-27,7.387481742163868,-8.057014768913906,16.165793132774926,1.4093450052610252
2020-12-28,8.009552427106165,-8.063819429895629,16.712414487532833,1.4698194435741736
2020-12-29,6.760928342948208,-8.314110037590128,15.399547487744274,-0.0960273356985375
2020-12-30,7.038406740434301,-8.57202719574416,13.858628283064988,-0.48109478907411096
2020-12-31,6.0717587126026835,-7.288445297891227,13.509494104607231,-0.4175260238890268
2021-01-01,5.251620494154265,-7.218137839864184,13.369500235081045,-2.310795830472614
2021-01-02,4.202156201373047,-7.457713806930248,13.826233530248196,0.4063586818188569
2021-01-03,6.935815146726439,-8.92924632472582,13.891823508683485,-0.7514853046179408
2021-01-04,8.86169676084934,-9.554682468397623,14.301711503910022,-0.7187500484645784
2021-01-05,8.138884534067229,-8.621419665511505,14.29712046233055,-1.0413900206073028
2021-01-06,7.769670746145962,-10.433222599471227,13.34533046283511,-0.1980014994310546
2021-01-07,7.090546262678752,-12.930384289481722,15.955618723331483,-1.0944823741525884
2021-01-08,7.518586879846397,-11.965226796608496,15.101097490002786,-1.9337665096911254
2021-01-09,6.801495872160292,-10.351793039597915,15.731191973851349,-0.3893504467014979
2021-01-10,7.6460576806468525,-9.790974206183177,15.65203593492409,-0.3000749240760972
2021-01-11,5.879600650918405,-9.280407329140838,13.935962380567776,-0.8725103694341028
2021-01-12,5.722906645702235,-9.078425450253228,14.143002039255792,0.4630704221720341
2021-01-13,6.524386028996027,-8.168384443514228,12.778386843991186,0.2464351916204515
2021-01-14,7.077862304791092,-9.41340637057925,12.841646826611633,-0.27290633141899256
2021-01-15,6.494384918952353,-7.855014905254969,12.418311650388647,-1.2814200341258122
2021-01-16,7.135619222369006,-6.353364240229424,13.255338656226138,-3.219754599680196
2021-01-17,8.648944078598737,-7.552839368083251,12.275968527573935,-2.953679138517069
2021-01-18,7.914194875965736,-8.084452784970972,14.186284842085023,-1.9639365988798423
2021-01-19,9.96288525588643,-8.155263950871843,14.929246825259906,-1.5566636942948606
2021-01-20,11.077424840196182,-8.307586075198111,13.906467554017668,-0.40042587245812444
2021-01-21,9.270574462213048,-9.775160707233223,12.085691656524183,-0.786269968336794
2021-01-22,8.767746145414995,-12.527042016316285,13.027574467413016,-0.4781381591971976
2021-01-23,7.6193443262391485,-12.882725461256985,11.784437199150716,-0.38410328841835306
2021-01-24,6.535811296640819,-13.284746820991227,11.811507481156225,-0.43051062501824755
2021-01-25,5.282484062182157,-13.747124037320402,12.603422736601932,-0.2367460724481165
2021-01-26,3.950417061523748,-12.15220145181484,13.397524156741792,-0.5083831567992435
2021-01-27,5.078290841086131,-12.116586552585819,13.957496287519422,0.3985331334840079
2021-01-28,4.624895526057599,-12.51804403419468,14.11432067752652,0.9679434949597553
2021-01-29,5.7188965136941,-10.133454579289046,14.292946457723135,2.3550188992681944
2021-01-30,4.779039538981811,-9.608691384043567,15.859207821629289,3.7590492645359195
2021-01-31,1.6146566760771432,-9.259807665925454,16.702259575664048,2.766184550963989
2021-02-01,2.4286293440761897,-10.475823992090948,16.9109568945478,1.7307601242386368
2021-02-02,1.0330408145347458,-10.441980412982698,17.92337217156494,1.2420863217482
2021-02-03,0.28010203863855254,-9.694379202762805,16.943208896072484,1.5665649050914747
2021-02-04,1.3011686030636564,-10.186042191666928,16.390093793535545,1.2495654228373425
2021-02-05,1.9196319343295798,-11.1344049437024,16.16677831110499,1.8147705027325558
2021-02-06,1.2261240545643886,-10.665661703184016,16.872760172402522,0.8571651760224662
2021-02-07,0.574387155224253,-10.761669513470403,17.171718428013477,0.7061574856457992
2021-02-08,0.21937209690238169,-10.147063773640621,16.83722450365738,0.7419134624733976
2021-02-09,0.415395983124872,-11.619428021063827,16.019280822478674,1.4902440319294015
2021-02-10,-0.5602362002993576,-11.318672614833119,14.983057238245767,3.7746621900538635
2021-02-11,-1.6184528578566653,-12.438091085555762,16.7246745449094,3.7348482948321355
2021-02-12,-0.9645301215919477,-10.883004039954798,16.29051174414461,4.955348676859715
2021-02-13,-1.8338930877190833,-12.021058655442257,16.90000887716124,6.075066130925542
2021-02-14,-1.956007284109229,-11.453515171738273,15.14661506999408,5.830152259324915
2021-02-15,-2.3908333178243306,-13.347517069341688,15.820401757815217,6.082012960515046
2021-02-16,-2.6436603575283746,-12.648494774778438,16.350528392225588,6.0229523827481
2021-02-17,-2.924643878346653,-12.800036745042103,16.90856869687708,7.037077225068954
2021-02-18,-4.760549092299053,-13.49952523886181,15.69046142123112,8.463464269951258
2021-02-19,-4.707528359745507,-12.971465259374583,17.46744240045864,8.822634601337525
2021-02-20,-4.217166953768748,-14.082911234811736,17.22315547936518,9.162020903389665
2021-02-21,-5.9996021130267705,-13.797125732898454,18.91228488578733,11.69069907150393
2021-02-22,-7.133407998313148,-12.508154610515962,16.863984731941866,13.435827221817027
2021-02-23,-8.500988147705646,-12.280892347196499,17.378758878440795,14.711824727452889
2021-02-24,-9.906529942258919,-12.606779507144868,17.729260698025485,15.791524826706413
2021-02-25,-9.655870580552286,-12.376440843264666,18.870233038644184,17.18932874623454
2021-02-26,-9.91253706479246,-11.714827335527406,18.025033542277157,17.05356527141465
2021-02-27,-11.109729015575073,-11.51783072026262,17.962288352741613,14.727642994408232
2021-02-28,-11.745789159491306,-12.436853380924342,18.911079204256648,14.829241202546951
2021-03-01,-10.245832830001651,-13.194595019517338,20.71483988462511,14.67318362276217
2021-03-02,-11.463286277514204,-12.561414856415364,20.798427786490933,16.0765396755416
2021-03-03,-12.037222305403787,-11.045718299583946,22.2537531436921,14.750628857643685
2021-03-04,-11.592750021387353,-11.765303520151225,22.35685858443805,17.106318966219302
2021-03-05,-11.395498907234863,-10.56759611018608,21.859368601339,16.768540962317836
2021-03-06,-11.062622674564999,-10.948037843408942,22.14072144430351,16.529732118110736
2021-03-07,-11.662282227372298,-12.00800122107177,22.173474913911807,16.86447050808725
2021-03-08,-12.237435974132786,-11.037796808757143,22.366928467390895,15.984544272624328
2021-03-09,-12.341212481536052,-11.052656252234067,22.160467661655534,16.48613660972146
2021-03-10,-13.292989756030684,-11.235346531477967,21.817652626582415,16.878001511703477
2021-03-11,-13.011492467575515,-12.456563126046502,21.71983541328216,19.187936410494448
2021-03-12,-13.483868053171621,-11.526704355760112,22.044040369180667,19.636582919669426
2021-03-13,-14.769680181654813,-10.786632416399797,22.382255766728452,20.393124205033043
2021-03-14,-15.063065555246204,-10.464158825379078,22.133869098411015,21.12244667997973
2021-03-15,-14.993880562653885,-8.55619884441162,22.79933082571522,20.831505573877717
2021-03-16,-15.143151194933044,-8.107251336699782,22.781326909732602,19.089067310641166
2021-03-17,-16.02223498432034,-9.447325616889454,23.076737004582505,19.720882073700675
2021-03-18,-17.50401838027452,-7.337472436366388,21.850262455639005,21.578154806417075
2021-03-19,-17.263346889980653,-7.7230299032737255,21.14091392525121,21.4877583483387
2021-03-20,-17.551341310939954,-6.188259054428102,19.538939165432755,21.37291795787793
2021-03-21,-16.919472030892894,-7.307193471735403,19.42895362631526,20.34935196622186
2021-03-22,-17.475633921728978,-7.224713192950631,18.213925288648078,21.584887843345648
2021-03-23,-18.692360737553365,-7.7259435974834965,18.139694020121055,20.176551759115927
2021-03-24,-19.034083072070143,-7.380001637388869,18.12990698586073,19.255264284792197
2021-03-25,-18.207759880790345,-8.632082334343316,19.0168352391697,20.076328062544054
2021-03-26,-18.38740708126307,-7.965683519329283,18.596370339904393,20.3640397531569
2021-03-27,-19.750001007384565,-7.911036697896991,20.146584120265608,18.943544324981897
2021-03-28,-19.583090191687337,-10.23730769893018,19.355526131699897,18.29021318695583
2021-03-29,-19.47938977061501,-9.616056039160489,20.688810600616794,19.112345910002848
2021-03-30,-18.999781332758555,-9.211991861603233,21.343081472177108,18.718490885592544
2021-03-31,-19.85126714862136,-8.789504595896291,19.38698463798975,18.846653644511044
2021-04-01,-19.656298976557785,-8.951513234298258,20.906388169130697,19.458369184724578
2021-04-02,-19.034622780502122,-6.406754593812529,19.843328927904185,20.3950837152616
2021-04-03,-18.29632760082673,-6.062228488846093,20.066928243155488,21.240364533976738
2021-04-04,-17.518688609217133,-6.5721691325508305,19.37248743586378,21.238212168744134
2021-04-05,-15.940729162980515,-6.35903921470471,20.71871538782514,19.81644103033768
2021-04-06,-16.900353719996694,-6.910830087317085,22.21300258593294,20.277694482066856
2021-04-07,-18.219963890935425,-5.768929722232376,20.727827926285048,18.20558541581499
2021-04-08,-18.117387219686684,-6.8393228396720325,21.079644662162384,18.58955373388991
2021-04-09,-16.939821275619625,-6.407498197803792,22.88377954211591,19.53112476005921
2021-04-10,-16.48178651961847,-6.833473112961769,22.827802341445604,19.175348190647412
2021-04-11,-15.515416033334255,-6.475176569299201,22.374270007980947,19.110787097477434
2021-04-12,-15.992046284290518,-7.720657615982258,22.50767597048992,21.015845900960837
2021-04-13,-17.191110730180306,-6.903493191295361,23.617185729783586,20.017488700195265
2021-04-14,-17.371640911353722,-6.376890649417207,23.7661157828518,19.66116060038862
2021-04-15,-16.67026966056311,-6.718168288217151,23.860270352098528,20.154515991572442
2021-04-16,-16.010566477928812,-7.056100452502473,24.451084434385297,20.568134597219625
2021-04-17,-17.79850105373196,-8.055722226797522,24.288090558270437,20.173658672673657
2021-04-18,-16.99933177510341,-7.084312952812199,24.438750880021374,21.00324423417258
2021-04-19,-15.324955151832716,-7.744536673703364,23.031732439705454,19.768574053101467
2021-04-20,-14.793886516058423,-7.352978178399585,22.850807503441224,21.14129733868139
2021-04-21,-15.609216190172067,-8.728729393617929,22.950152617920644,20.677737173785427
2021-04-22,-15.94166616645775,-8.560699868876696,21.39057138975622,20.980685004872523
2021-04-23,-15.660355276679171,-8.780801745117158,22.562693696730285,22.210680028044045
2021-04-24,-16.268238486047295,-8.303466286316178,21.694460998072362,22.861516329624585
2021-04-25,-15.738005134082085,-9.335026789064937,23.440674090431298,22.2281529871701
2021-04-26,-15.710829811200167,-9.42617254817847,25.08307678114367,22.50016256026645
2021-04-27,-15.404876942662415,-10.326308501849773,24.999845865045735,21.52041520222136
2021-04-28,-15.093767021785668,-9.2876818175903,24.76803171371176,20.82619813543715
2021-04-29,-15.574492094160217,-9.110445696013143,25.72525219891233,22.46548444339771
2021-04-30,-15.439191782537128,-8.541771894330012,24.978230060317262,21.74823923466992
2021-05-01,-15.994486770106008,-7.624730260137418,25.234752277408,21.029664961207754
2021-05-02,-16.984715791209172,-7.456542210808998,26.739295560182413,19.33027903788361
2021-05-03,-18.520431209990043,-7.3104567237320985,25.647308602256114,19.50405134672336
2021-05-04,-18.652925151727402,-5.86536901689923,26.864027326230165,21.639396612543905
2021-05-05,-18.154790983956016,-5.687574046315546,26.203399837897795,21.896253771811654
2021-05-06,-18.339670367681133,-5.859900389131028,26.57697951998225,20.018265716989934
2021-05-07,-19.166735633157185,-5.347043940158572,26.718805234970155,19.33633640579391
2021-05-08,-19.922314358009576,-6.407154059943347,26.075972483695036,18.942631213532895
2021-05-09,-19.788675624513655,-5.808685290201115,27.086347401181357,20.894637630876577
2021-05-10,-19.284408084104882,-5.864527501879042,27.17468226698392,19.928264341108687
2021-05-11,-19.60817707677839,-5.808095372137574,28.40072629408176,20.31609617212082
2021-05-12,-19.733515159443094,-5.2216911820004315,28.851521457411184,19.96193605657258
2021-05-13,-19.41723027489154,-5.646706428569084,28.172217279386874,19.352728183521826
2021-05-14,-19.461430183343392,-5.105340267170519,28.660640967984833,18.377896154800286
2021-05-15,-18.6886685646846,-5.500770248345485,29.7299088638178,18.38667167355203
2021-05-16,-19.7226189823029,-5.591443141714127,28.326863679589977,18.842765262782102
2021-05-17,-19.804105271735903,-6.507150949307606,27.530728297609386,19.942917332352366
2021-05-18,-18.730887961900223,-5.823998764785152,27.88196108794617,20.590809146759796
2021-05-19,-18.374048972959507,-6.345682943887542,28.114267562635487,21.250492628635154
2021-05-20,-19.48765814765503,-5.471536962770398,30.144723283977306,22.154350621389373
2021-05-21,-19.812540442375596,-4.112813525272247,30.134596550994754,23.853294731585756
2021-05-22,-21.038270179665002,-3.5127029630278037,30.000768839493844,23.721036819008
2021-05-23,-19.666303818407524,-3.3482713529500248,31.295772775867967,21.395331551040584
2021-05-24,-19.808627728319248,-3.172387154097908,31.995795933691376,21.816392389550412
2021-05-25,-19.550438296224986,-1.5708869773596847,31.9760562387703,22.509222639681557
2021-05-26,-18.433793832351196,-2.6265129455158682,30.577551294987746,23.701921958277858
2021-05-27,-17.536733056789323,-3.2512622886625318,28.551201719211864,24.786253934618784
2021-05-28,-16.93042744354405,-2.606641627523618,27.370172670626694,25.51093727362112
2021-05-29,-17.169297860926687,-3.7758928859242067,26.47496014253545,24.907921415011216
2021-05-30,-16.075042345040345,-4.503137135216313,26.474919559245272,25.740207371494538
2021-05-31,-17.101028239989787,-4.706299467568215,27.724664149672968,25.93080492631654
2021-06-01,-17.771862824285492,-3.1772301382919506,25.756108068407983,26.863827326144474
2021-06-02,-16.96424340381035,-4.182571911064948,24.632308503971426,27.664655930859727
2021-06-03,-16.80868066744023,-3.6268486902011894,23.59034347056784,27.89762586889978
2021-06-04,-17.04199787013161,-3.4585524525186546,23.681174551160943,27.455409363430363
2021-06-05,-17.08480550855537,-2.7657793274421785,25.37966984531881,28.8329806384632
2021-06-06,-18.64102163245864,-2.8856680318268206,24.47754005425527,27.97248463389722
2021-06-07,-19.014653740724025,-2.684334993231365,23.007783328294828,28.30317271520591
2021-06-08,-19.645002850063133,-2.8253927925295934,22.723715907255745,28.48877024878688
2021-06-09,-19.635283568036282,-3.8425275468147553,24.3616805308072,28.785710674034025
2021-06-10,-20.607985500944547,-4.63368185361514,24.572440461984552,27.797483990220528
2021-06-11,-20.49764902497955,-5.152501489118322,24.611152717244455,26.615037946541808
2021-06-12,-21.6269130265003,-4.297188764978578,25.192128442012297,25.99164592574978
2021-06-13,-22.553768428213218,-4.692085735707299,25.710773471439623,25.899188676977644
2021-06-14,-22.761547428160153,-5.677129084225856,25.57771531969118,25.718754444139766
2021-06-15,-24.174062517648167,-4.068066949680031,24.57825675022215,25.473267331924742
2021-06-16,-24.895534515077337,-3.8418218056357003,23.173472914039795,25.241943125300214
2021-06-17,-24.961019055068483,-2.579166413753165,24.245270117225633,24.30721529198997
2021-06-18,-24.311642488628596,-4.260875367899433,24.410387980325325,24.519287379913965
2021-06-19,-23.368453053206522,-3.751662623765652,26.54576860496988,24.78688065945346
2021-06-20,-22.9114527909074,-3.817717005002571,27.088096933254175,25.231126903693706
2021-06-21,-22.562107948433564,-2.8166110623265395,27.588594888078138,24.42713677148569
2021-06-22,-21.35942031587318,-3.732748611056226,25.39616354524134,24.280909672796884
2021-06-23,-23.365235756403752,-4.571841534550418,25.381476418026896,24.000243666711746
2021-06-24,-23.673224356290383,-3.3882647598932745,26.08269620280475,23.86661696185374
2021-06-25,-22.829187169866117,-3.9860918518725863,26.113356791472633,24.637618137241795
2021-06-26,-23.461464495648816,-4.453165770684037,27.453113539975835,22.295874484691222
2021-06-27,-23.1255850588121,-4.819423994168701,28.615444244916958,22.49264205796483
2021-06-28,-24.319618877745775,-6.7870704952722765,29.34062915101429,22.619132459952734
2021-06-29,-23.79934414332412,-6.434095945975968,31.30684924142985,22.420210914790054
2021-06-30,-23.361742309241393,-6.09187691824483,29.902331970719455,21.843259693198455
2021-07-01,-22.813521616229888,-5.0047090013593944,29.286099066237103,22.255115193175488
2021-07-02,-22.032058440428564,-4.754274732131905,29.582816078174496,22.381018456978108
2021-07-03,-22.94926659984538,-5.951615839817932,29.71792007352722,22.106655026295055
2021-07-04,-23.21315663505034,-5.81022508835711,30.67050891088614,22.9187876451568
2021-07-05,-22.10012304884245,-7.807906538885314,31.723951297242188,22.744832738611667
2021-07-06,-20.17198743274393,-6.73756395855091,32.05177246150002,22.286858887516505
2021-07-07,-18.531577054977326,-5.77952845824516,31.551356575675026,21.2738832815696
2021-07-08,-17.92706304537337,-5.890325300729968,32.4093862013167,20.562080581768154
2021-07-09,-18.23237900379331,-5.357430558353588,31.52511348106883,18.07680606676572
2021-07-10,-17.822252661778947,-4.631092960947377,31.04792520809669,18.519888398753046
2021-07-11,-18.200058967705424,-4.83530473454473,30.525902387380246,18.081891041448877
2021-07-12,-18.11959565372907,-2.5718619120498523,31.613319401535925,19.481059564607516
2021-07-13,-18.781967475509973,-3.7337672481567337,30.24181113261581,20.859450148410282
2021-07-14,-19.37858407640565,-4.092546863829316,30.647910914149996,18.73135665182825
2021-07-15,-20.022564152830007,-3.2198202333196937,29.63775769791118,18.539786044718284
2021-07-16,-20.192827881695578,-3.725998774839663,29.556399902472723,18.58803153432688
2021-07-17,-21.154861181414848,-3.196495469339634,30.058083327952755,18.67431973541482
2021-07-18,-20.166118714908905,-3.841267588208791,28.37890835461042,19.149616336203852
2021-07-19,-20.82650238608324,-3.717612140288415,29.173957028102045,20.608117006365845
2021-07-20,-20.53926132458653,-2.5220801640381367,27.38428043594121,20.132263094742513
2021-07-21,-17.991888906037858,-1.1326010207006139,27.962901491692374,18.957540523187163
2021-07-22,-19.372083418435604,-1.8333715864896516,28.823528096908827,19.590747008522836
2021-07-23,-19.482640852558777,-2.1911718554727875,28.132167620422962,21.170934697248814
2021-07-24,-19.41555977544134,-2.8133289808239086,27.57756841354223,22.611365593273035
2021-07-25,-19.057639068055906,-2.1305204897226115,27.771457957279445,24.542550969470568
2021-07-26,-17.5729902193356,-0.9025403188328889,27.261292406089467,24.983442582498572
2021-07-27,-17.163560510304016,-1.0348665622941025,26.928710234739505,24.27043640236246
2021-07-28,-15.137028320189742,-0.1517692136548845,26.562778232253983,25.437565184207017
2021-07-29,-15.534191962970047,0.4215577742389325,24.830532806459395,26.083066397513356
2021-07-30,-15.81783839428208,0.7554567113708537,24.468786191176918,25.350809250538806
2021-07-31,-16.781507356597494,0.46291800058052374,24.315198202013008,24.799437647760172
2021-08-01,-17.056490087898712,1.0407956603211526,25.42579296880739,25.908099432947456
2021-08-02,-16.37473403137336,0.9212929409790154,23.95777935661033,26.389708371522573
2021-08-03,-14.029108576095236,0.3006490740231953,23.653141569252924,25.332451869499323
2021-08-04,-13.871502149554564,-1.318206036855615,23.69502047360978,26.845426552673167
2021-08-05,-14.682393030136415,-0.7041095200467526,22.985212265252375,26.317981253804806
2021-08-06,-15.285906680290049,0.3052231322690224,24.778581131761072,26.363781779290107
2021-08-07,-16.292155401034382,0.18695055396160568,25.872430532694757,27.481144487885324
2021-08-08,-17.133534889039048,-0.4287067100403371,27.16872029683207,28.027279481219814
2021-08-09,-17.64977632637305,0.31466901803267755,29.349575460066962,27.3180440209022
2021-08-10,-17.56118144251246,2.4221379668564613,29.773613056330422,26.56881307176542
2021-08-11,-17.513092571974937,0.8846191476553407,29.87084401497873,26.111146661593054
2021-08-12,-17.49449420224578,0.24600765760241394,30.022287491562437,26.580315353139653
2021-08-13,-18.89009108804414,-0.2877594654001231,28.155237954425022,26.248423754277667
2021-08-14,-16.619620127246993,0.8676550917778335,27.177226849820716,25.426388036808046
2021-08-15,-14.312734128699345,2.9898348057749717,26.887473860746617,26.141193190526398
2021-08-16,-14.256451386471241,2.8967726291385882,26.565514799900136,24.88554916775452
2021-08-17,-14.75928829334268,1.774081323055728,26.129962344539084,25.25847987246965
2021-08-18,-14.05003601268688,0.4784808370045013,24.377956192335176,24.838887474882686
2021-08-19,-12.694174573324236,0.11907308025152419,25.073742793211185,25.539681577880632
2021-08-20,-11.898910574487289,0.18579401375855265,24.013091885047736,25.843332678308737
2021-08-21,-12.679249663867784,-1.384898932292586,23.387942348730526,25.49133917662756
2021-08-22,-12.1448496237667,-1.307095703618547,23.97191818536386,25.229496864512633
2021-08-23,-13.015581861865869,-2.391516345418517,25.0959358483088,26.049423116083855
2021-08-24,-13.129804777724347,-4.056658167912032,25.117348548080095,26.339898981069155
2021-08-25,-13.377318390456942,-3.283302614577102,23.134865716641723,26.636594088360898
2021-08-26,-12.118703241586827,-1.2528549224792465,25.796269301171566,27.85136202020517
2021-08-27,-11.83002236731584,-1.653989731546882,26.834431682190488,29.322220300841494
2021-08-28,-12.136677363797924,-0.9511683219509051,26.9087736564176,28.708859144658607
2021-08-29,-11.734134009627361,-2.222913030940931,26.493086642409853,28.716736217439625
2021-08-30,-11.719877702754134,-2.12621432888157,27.499452172294603,27.53692570171349
2021-08-31,-9.833014731997835,-1.757502703239827,24.36346567035426,29.102462968529903
2021-09-01,-10.113820294816023,-1.451151303307383,24.298740059152173,28.73716077050054
2021-09-02,-10.050087833859678,-1.521336350334776,24.361571552171974,28.218284526208397
2021-09-03,-10.253267659607548,-1.3593529976142085,24.00979497197505,28.081098271947223
2021-09-04,-11.669958984966193,-0.7223875933024171,23.752061664143646,28.435810906025726
2021-09-05,-12.10419838491252,-1.342004409248224,22.227592415595137,27.732059379499606
2021-09-06,-11.150705563549229,-1.8180777831610822,20.49198265740132,28.572789807744225
2021-09-07,-12.366841569031664,-3.0897504601628603,20.78097643377374,27.607573081027912
2021-09-08,-12.03422956601147,-2.0196897700203733,20.27689522746843,26.26227109877765
2021-09-09,-12.33951921669303,-2.0011659809744944,21.537004450497523,27.29922116075001
2021-09-10,-13.166831119402229,-1.4437313184965108,20.53852496581298,25.572015128106397
2021-09-11,-14.102676612325233,0.4555101103792778,20.263980756685218,25.57589189730156
2021-09-12,-14.048080622410259,0.9765713177100311,17.88898105988173,26.057940486464517
2021-09-13,-14.434437466573037,2.0523172947375827,18.434005846084542,25.80920013616662
2021-09-14,-15.16204337456007,1.610014034446604,19.739772496998906,26.079485483574338
2021-09-15,-15.374306833142214,0.9638028752566948,20.968286697036948,26.333347510026307
2021-09-16,-17.627365661168124,-0.1917102369978766,21.3157238642162,25.8025339240468
2021-09-17,-17.688206606235415,0.7819181317966148,21.570011270525505,26.35411869572444
2021-09-18,-17.611537632205486,1.857345494723979,22.311014919103062,26.768297239943525
2021-09-19,-18.702452153416132,3.896850928825846,22.338054741271904,27.63393563100475
2021-09-20,-18.672469971724308,3.0311675382698144,20.883482580586563,27.70438269969206
2021-09-21,-17.809548695343043,1.9248350494629378,20.905819975986056,27.98369964941066
2021-09-22,-16.083925557598324,0.7302254016210388,20.441308747033403,27.828751827854028
2021-09-23,-16.83179830334738,1.5181119638151368,18.91879264854276,26.659870440636862
2021-09-24,-18.519909435005154,1.1667464849138778,19.03666074376078,26.596623726477695
2021-09-25,-16.696601129724836,1.1188787899878556,19.26814809794933,27.0045783449072
2021-09-26,-15.859859154376371,-0.3386805902597223,20.966102707073457,26.954335856166804
2021-09-27,-15.84901540881286,-1.7210453196395266,21.42473658096787,25.90796336608512
2021-09-28,-15.997466234420358,-4.232008114714077,22.432824283007324,25.66033333718186
2021-09-29,-16.113660473112503,-4.227094517682589,20.793247334736584,25.52525683563517
2021-09-30,-16.429894802685563,-3.9569194680059527,19.409124291530173,26.677583198318146
2021-10-01,-17.34561135542128,-4.610279792514944,17.71502904240547,26.99686367058214
2021-10-02,-17.223116171776688,-5.8995603855324585,17.803328616239234,26.35690791746275
2021-10-03,-15.603976531273386,-4.763474335395717,16.384737384712892,24.908603932304878
2021-10-04,-16.716035893914956,-4.358163526532086,15.704073457985972,23.42236949650938
2021-10-05,-16.87992527231433,-4.9628888611150055,16.910142115191018,23.898280224923745
2021-10-06,-15.543291674728334,-5.209105926828041,15.51750581695768,23.689349664906402
2021-10-07,-15.029513785425795,-5.963279274543058,14.833053507569051,23.41970982547721
2021-10-08,-15.352246575294298,-5.810255184379355,15.641912416840949,23.82456479861927
2021-10-09,-13.654709521701246,-7.1158592300260155,16.44696360621595,25.8256439372092
2021-10-10,-13.115117619936084,-5.761514346694748,16.052454308526528,24.812119554757096
2021-10-11,-12.904613409051269,-6.368139613248428,18.07950974483819,23.83249094344954
2021-10-12,-13.469695430727738,-5.850509173550102,17.33115932706013,25.365874861744246
2021-10-13,-12.65955444352848,-6.953255331142036,17.410269080620765,25.5408147528388
2021-10-14,-12.617069483878664,-6.425817507658188,16.47886030452219,25.430998941262192
2021-10-15,-11.823881707894321,-7.388529765607681,16.383647810811237,24.6363032081343
2021-10-16,-12.505054395538192,-8.363648289163484,15.253488568029816,24.177769256006254
2021-10-17,-12.142691219855097,-9.480832118753021,15.587189525495685,23.81756320651798
2021-10-18,-12.557107004203186,-9.709066423183957,16.312069050019975,23.878455770964727
2021-10-19,-12.867820577169416,-11.232949584857774,15.52089369844368,23.49688945426646
2021-10-20,-12.53998228905987,-11.190221596005854,15.22342096610252,23.205089160720963
2021-10-21,-11.988672515259465,-10.256532199768086,15.189135703710113,23.176101452572297
2021-10-22,-11.473945235053042,-8.110877017432848,16.069946837500922,22.7157559333749
2021-10-23,-13.223899861590036,-7.353775640440686,17.00356034625255,22.825662747769513
2021-10-24,-12.203229497769764,-8.120832652054025,17.033501981092044,25.15794275286771
2021-10-25,-11.007452983327436,-8.916140152053952,15.80511075472652,25.515424559291716
2021-10-26,-10.382753199992566,-11.258342848618799,16.560738793305706,26.07826609866299
2021-10-27,-10.686539560728784,-11.848500962897976,17.536611076007212,26.526872022373038
2021-10-28,-9.806776752025776,-10.644162400095802,16.87673967637614,27.91939806985466
2021-10-29,-11.046443238159329,-9.906581623206893,17.32054398469973,28.552647144920368
2021-10-30,-12.798870426699445,-10.258801027739919,17.97446123470444,28.384206746022013
2021-10-31,-12.387877965202808,-10.314734245768511,16.961154419493297,27.456580502602645
2021-11-01,-14.470100769229305,-10.416631277333932,15.854891509425935,28.61553809318602
2021-11-02,-14.69866510256135,-11.169590231025595,16.55699650972906,28.55340277191547
2021-11-03,-15.745351979114488,-10.572534941574776,16.48977376508372,27.64628341539004
2021-11-04,-15.875584325832719,-10.623544681969452,15.28638094296591,28.769047980922654
2021-11-05,-14.91233543254234,-8.914559352041929,14.355640127792768,28.57926641908625
2021-11-06,-14.75139109186069,-10.543678888618986,14.067013177122732,27.119018811676593
2021-11-07,-16.55211764502947,-10.998471923663395,13.979627152696931,26.32059473899386
2021-11-08,-17.257431941672444,-11.263995479739028,13.30931280362565,25.69112087792722
2021-11-09,-17.82511740015199,-10.657649736965013,13.445349065711033,24.484435039676054
2021-11-10,-18.72797511847666,-10.37105963881639,12.535158077153978,23.848137863070065
2021-11-11,-20.982588632680784,-11.247041274729675,12.83872193625572,23.647276954865657
2021-11-12,-19.833825546120398,-10.189360121905047,12.885695085403158,22.307358266004595
2021-11-13,-19.152763749911877,-9.75595162073914,11.460489543157582,20.53899933030099
2021-11-14,-19.414147925663606,-10.090717656983816,11.761878070949995,20.092154599765745
2021-11-15,-20.235353350200768,-9.369632392380097,11.844651840429503,18.838376218884665
2021-11-16,-21.979705551031916,-10.222392535623609,11.841285006388045,18.67082921922116
2021-11-17,-23.045672419436958,-10.19778113050258,11.744464366012183,17.477289341063955
2021-11-18,-23.987890392878278,-9.392827564056272,11.591370085809094,17.184587652566563
2021-11-19,-23.382424752864747,-10.382156865093405,12.731518089648429,18.285507721244073
2021-11-20,-23.435861145778027,-11.190626945500593,12.930780618656627,16.711713583536113
2021-11-21,-24.673907574019356,-13.071504303360125,10.882251554565748,17.0852661300914
2021-11-22,-25.3303475211333,-14.480905206290972,12.419736683433012,16.338716529790755
2021-11-23,-25.915948020081736,-13.717531033586678,12.315542313808544,16.607803754560994
2021-11-24,-26.200885358188902,-14.941662488930714,11.250752352739733,16.061769756304383
2021-11-25,-25.52389544485218,-16.30309136623144,11.302372260423018,15.991281055214868
2021-11-26,-27.67777659294458,-17.32249066521435,11.101809534548751,16.43210929815251
2021-11-27,-27.796929000164248,-16.899880159068513,10.970494392566739,15.325835457775302
2021-11-28,-27.47528147778459,-16.066729495559173,11.548723556451595,16.24657687072093
2021-11-29,-27.025620958688044,-16.60204887007281,10.373550764820092,16.500654826638602
2021-11-30,-26.552680199081184,-16.644586653190963,9.596893529730705,16.411694713497468
2021-12-01,-26.596783451594284,-15.632849467606341,10.019483839138152,17.46899912652821
2021-12-02,-27.180187477792096,-15.384221028122342,10.665635187190485,17.391216641308088
2021-12-03,-28.91447232319092,-16.7992234550311,10.538879347777423,17.492436568396517
2021-12-04,-29.66330800875897,-16.5060620581582,10.513737132426778,16.839877466163546
2021-12-05,-29.964750434056086,-16.375802551257653,9.790591083962143,17.513020912675348
2021-12-06,-30.220467607190713,-17.174916584872747,9.61055157952521,16.693203342209674
2021-12-07,-30.423916505597504,-16.58417317244879,9.501218816215923,17.520016156757237
2021-12-08,-32.73954137748719,-17.417617530613356,10.31494869495601,17.004583707548917
2021-12-09,-34.68052043463916,-17.629798280342523,10.70862703090083,16.199477828639036
2021-12-10,-35.40526727406313,-16.595127275067505,8.569674798207606,15.487192711140302
2021-12-11,-35.58636652076472,-17.402583943969383,7.568465427662622,16.502907382642206
2021-12-12,-36.5990649449977,-17.033426106640327,7.048842517538073,15.924399202170779
2021-12-13,-36.5298353499298,-18.5130307224508,6.396084066772273,16.053437616692662
2021-12-14,-34.93954788312699,-18.61859196143557,5.737721161207427,16.061416114093298
2021-12-15,-33.95246650949938,-19.00921954422783,4.787151261972485,16.972691202006438
2021-12-16,-35.12100836956927,-19.849119841318984,4.450908413377494,14.61528828346146
2021-12-17,-34.20896011123691,-19.596897371802033,5.2643805016433,13.904545433966828
2021-12-18,-34.00654918784938,-20.37111375763929,4.80138081093842,12.49352586227595
2021-12-19,-35.16741521395857,-20.538891977345664,4.364131337104088,11.606559200444122
2021-12-20,-36.15206382948815,-19.735790078286684,1.8801139485637655,11.249296437257074
2021-12-21,-34.91218941459725,-18.44973540744405,0.46710638856202813,10.45400916150062
2021-12-22,-32.91208476630059,-17.93426410774107,2.185918470732483,10.0968677943302
2021-12-23,-32.60910632894182,-17.933049642503203,2.317913664916839,11.472039124053206
2021-12-24,-31.60546169030547,-18.575063768527638,2.0684837730322956,10.674394287923489
2021-12-25,-32.74921480647127,-16.986196412741325,2.2572416106951336,11.89799743532775
2021-12-26,-32.45051954733321,-18.051211170858366,2.2780255093520574,11.60480940842561
2021-12-27,-32.560419648465356,-18.278243507457045,2.334386408211678,11.892878230277626
2021-12-28,-34.38150772024188,-17.95609077793797,2.4563941374628206,12.921045937058064
2021-12-29,-33.590357386655086,-16.942647146269255,2.1817180052261564,12.875908609045043
2021-12-30,-33.949910789718864,-15.540919249861993,1.4467168159884918,12.843889006393574
2021-12-31,-34.49239717892938,-14.66301990165071,2.8005703153089776,14.3435310631795
2022-01-01,-36.0065305789956,-15.599690740729914,3.267085140038127,13.937834146918108
2022-01-02,-34.72183623109383,-15.989462204239619,3.032652001597045,12.732632287385893
2022-01-03,-36.05643424198175,-15.137241352579425,4.033434529324061,12.741056587325405
2022-01-04,-36.39543224228852,-15.380466286721116,4.142310278957722,12.918004386467084
2022-01-05,-37.6110841473183,-16.900323028086472,4.573160162716976,13.033363183219171
2022-01-06,-37.32900923718006,-16.936169991122803,3.510998175650097,11.671058739378715
2022-01-07,-36.35050643891203,-18.61563284336397,2.5534836543172656,12.504751286413171
2022-01-08,-37.20684390515698,-17.403819377081952,2.397411008838016,10.900544013227009
2022-01-09,-37.11761441324677,-15.529188175421098,3.4928948417144587,11.998258676697716
2022-01-10,-35.39642956690151,-16.118785836543758,2.9735250901965418,12.372714654312556
2022-01-11,-35.3575420441839,-18.716595885834643,2.4501417085181827,11.084469081415882
2022-01-12,-36.37933201767024,-18.5568536122474,1.4142047361891408,10.121210030287298
2022-01-13,-38.18435055819641,-19.364317323799792,2.3009236460549025,8.635314139078199
2022-01-14,-36.532849977534696,-19.50190685088558,3.142722307999962,9.449301467515484
2022-01-15,-35.656870942070235,-20.14011968359145,3.400030053165845,8.401984241457937
2022-01-16,-34.901837989131046,-19.75729120092716,3.386993422713926,7.364317340128439
2022-01-17,-36.63046660762913,-19.660491312243096,1.8279250060912964,4.785515194723137
2022-01-18,-36.41495953608202,-20.531044771144064,2.2743427488923635,5.717024686342898
2022-01-19,-37.075935470188924,-21.418538120378805,1.1487109948408445,6.8893508807111985
2022-01-20,-37.54959908285869,-23.125701666592043,0.49784963685406014,6.698703044888085
2022-01-21,-37.70329959252966,-23.869386140333553,0.024570825346823366,8.783468622978276
2022-01-22,-38.29656639693248,-21.958745358603046,1.5812496411568853,7.081414574460512
2022-01-23,-37.30736081593314,-23.187024380565813,1.4488775366752338,7.436648458361371
2022-01-24,-37.00825107376193,-23.260264283680343,0.41908569173706045,5.5217056700521905
2022-01-25,-36.41040226949818,-23.789346056804654,0.1905904839956728,6.794438320341279
2022-01-26,-36.079144103734585,-23.40983501828676,0.789666227676897,6.369325602113083
2022-01-27,-34.66328983818984,-26.126599323594014,-0.08412194827774866,7.0767098283344145
2022-01-28,-35.44399318296554,-27.31075009184036,-1.411022237071755,6.501328334937906
2022-01-29,-33.82521209454008,-28.116274622435256,-1.4115728832355456,6.5569412729164505
2022-01-30,-32.823255835438495,-27.616701603513196,-1.884082687548835,5.4636970812880765
2022-01-31,-32.21040577986468,-28.16908610121045,-2.2931710481495005,5.262314084140342
2022-02-01,-32.873688414171085,-28.134772469292134,-2.8736752114353092,6.859826954241883
2022-02-02,-32.35354637956312,-26.341902340673425,-2.8559623840731474,5.763570798340922
2022-02-03,-31.438293017501234,-27.969247529786955,-4.211320567435975,6.9568571291509524
2022-02-04,-32.61870759017297,-27.70824487462745,-3.526724057946946,6.552686998925075
2022-02-05,-31.528135227560213,-29.835038712267874,-4.413427380994312,5.010533450930465
2022-02-06,-31.674600434185,-29.42720335541882,-2.36819081812232,3.8952761250594374
2022-02-07,-32.248071815276184,-30.45550119208275,-4.219815768428926,3.731289626311302
2022-02-08,-33.21408190961294,-30.658261285952378,-5.341288783014582,5.499540719089707
2022-02-09,-33.33375477665973,-31.49284311643542,-5.584412393236426,5.174357058208768
2022-02-10,-34.54545517835483,-31.544907491953584,-4.922132340562347,4.37910090769779
2022-02-11,-33.941463019175096,-30.931221360399306,-4.192129443916444,4.442179714997039
2022-02-12,-34.81045188666761,-31.279386202450716,-3.302349566248698,3.5375791135779
2022-02-13,-34.05930997508334,-32.04835525092541,-4.730633991710346,4.636907441721666
2022-02-14,-33.59627409701077,-33.67791673590853,-4.749016676239572,5.201727732480808
2022-02-15,-32.47573240398052,-34.764814193269494,-4.18997412675937,4.6196821012625975
2022-02-16,-33.67147132610287,-35.195532061051686,-5.145474191987884,6.03354879017707
2022-02-17,-33.3802931578555,-35.44622892512448,-4.262729084632564,6.016645936439652
2022-02-18,-32.17631907914004,-35.038707585091636,-5.745633792766691,4.622500666715148
2022-02-19,-31.09865634458094,-36.63197483422537,-5.186304404709566,3.707974024999521
2022-02-20,-30.556705792206063,-35.74482515479424,-5.4711521216433034,3.751092598444529
2022-02-21,-29.146316010387594,-36.608746192184874,-7.056205480739665,3.5235257006916765
2022-02-22,-29.504199629505692,-37.09314936333246,-6.897754704860899,4.086425678827033
2022-02-23,-30.117287445101724,-37.455858195110565,-8.953258384403146,5.140714012846377
2022-02-24,-27.721508004930474,-37.37124687327667,-11.002027712090491,3.404783585025619
2022-02-25,-27.750979050942227,-36.72414485904614,-10.160194410586463,3.8174709827512485
2022-02-26,-27.923393816488915,-36.48468535268355,-9.841079430035894,1.9221773131133946
2022-02-27,-27.63486516465515,-36.738329989020116,-9.991754275203386,1.3367493890421613
2022-02-28,-27.498284980718925,-36.438539915458804,-11.332335725214456,1.966778140079906
2022-03-01,-26.065856797971225,-35.11953449667743,-9.697504856720114,0.8192468709730769
2022-03-02,-25.76351867801751,-34.994743612270256,-9.515534361485754,0.5920741554933907
2022-03-03,-25.80246232757775,-35.266314696134955,-9.409918634672792,0.6269429518981385
2022-03-04,-25.192812096853633,-36.35923042500808,-9.196717792556472,-0.7091303404020953
2022-03-05,-26.133848197403438,-36.8107789672777,-11.078711458220056,-0.21632641776600298
2022-03-06,-26.40944737806418,-37.921142651660226,-10.520511620864198,-0.5440260741631275
2022-03-07,-25.75821758011678,-38.72355289770023,-9.057003526267014,-1.1538339428555284
2022-03-08,-25.12463497631741,-39.09501213217083,-9.725285630871454,-1.3968011433862608
2022-03-09,-25.83404471693048,-39.251445425543686,-11.37015499899743,-1.3781512433911087
2022-03-10,-27.36745756540894,-38.967582326096206,-11.518331273285218,-1.5804650117435872
2022-03-11,-25.667224591063498,-38.82367594642739,-12.04082012792098,-0.8598294625111474
2022-03-12,-25.096010494167267,-36.674468102512,-9.907980814275076,-2.019814026605659
2022-03-13,-24.7355817576264,-35.19780431736141,-10.269424568021266,-1.7521341689899466
2022-03-14,-24.283155044806524,-34.91458560819075,-9.599506006231266,-1.403525713082992
2022-03-15,-25.827319459376724,-33.53339036661066,-10.510808439269915,-0.42164218475129933
2022-03-16,-26.942171183164774,-33.73776934840849,-9.742741889000111,-0.8550284437972124
2022-03-17,-27.468927022335365,-33.1660603675119,-11.091411793113904,0.12043987770924958
2022-03-18,-26.416918017069477,-31.037502220349538,-11.21831660372378,0.2349415701313416
2022-03-19,-25.94430599099242,-28.951389680549067,-11.096606302181739,0.6400238887761832
2022-03-20,-25.962336373774036,-26.22265991414063,-10.619089733518349,1.7428528658186409
2022-03-21,-25.924375466055785,-25.911069312591888,-10.181657653842448,1.6134320963439601
2022-03-22,-26.307204934457708,-25.073277462717275,-9.670477037160255,1.8792314092479236
2022-03-23,-27.3347760222071,-25.394361035030723,-8.745104381297121,2.588637287990209
2022-03-24,-28.527054613495,-25.80240961013787,-11.46931450465273,2.7088785564867273
2022-03-25,-28.921128120603832,-25.235885709888432,-11.424202109910414,2.006241640465219
2022-03-26,-28.983219515247367,-25.244671414822488,-13.333551043064926,2.2682099561630604
2022-03-27,-29.355289283552843,-25.557125833386056,-13.180952065569281,2.706313122853435
2022-03-28,-27.794698080030464,-25.391351771490555,-12.65351991954811,2.5588566044999532
2022-03-29,-28.482790083920126,-24.93676094446291,-13.935042472874965,3.3287541318198195
2022-03-30,-28.10435658435785,-24.88606128030295,-13.535881986807873,5.169036410638093
2022-03-31,-28.636772463675594,-24.14724242268233,-13.965351050365689,4.008729835032299
2022-04-01,-26.64162874828934,-23.892469534976705,-12.233066712064685,5.25275862387348
2022-04-02,-28.110833201670367,-23.182916059577845,-12.97196287348067,6.583583254072633
2022-04-03,-29.23763108920742,-23.466723178806337,-10.93710344448781,6.497990593448238
2022-04-04,-30.139141979968358,-23.502586815280043,-10.681981601514083,6.414970157219975
2022-04-05,-30.544112590010002,-22.76403092146708,-9.286369927053302,5.8453714689697165
2022-04-06,-30.910380850319473,-21.609475314456418,-7.7554268834999505,4.605607372256962
2022-04-07,-29.241708206576046,-22.544952396551427,-7.750138057242238,2.649512399460593
2022-04-08,-29.70427272873342,-23.03533078467538,-7.805838495612944,1.4735632615158598
2022-04-09,-29.32729549751475,-23.819549774860548,-7.2791264063623355,2.760508538463969
2022-04-10,-29.20510602980702,-22.451446182944313,-7.518906597514731,3.3928035167245674
2022-04-11,-29.21480320472064,-20.640238138547147,-9.899775765728464,1.46064101232818
2022-04-12,-29.6531667653684,-21.800406705898308,-8.375657618981439,2.4346933411489005
2022-04-13,-30.13334607314018,-22.78553885885748,-9.277623838594748,1.917366533220291
2022-04-14,-30.372103734518817,-24.103475348947402,-9.056191034206616,0.8603264478702504
2022-04-15,-31.242723803297263,-23.266709224314614,-9.585204799368613,0.49167393571556584
2022-04-16,-32.51870103753313,-21.503941000776113,-9.015635616014983,-1.5735216577479805
2022-04-17,-32.99815294405052,-21.275170056273264,-9.293268001309727,0.5409164326479847
2022-04-18,-33.17934020833439,-20.475116579498128,-9.313728357825351,0.7113863461475384
2022-04-19,-34.12690599963804,-21.83846117152481,-9.923605619161036,3.087787270953181
2022-04-20,-34.31327561074069,-22.625083815082412,-9.270672209935599,2.1695393475273215
2022-04-21,-34.733146843977686,-23.42403974676713,-9.31929789252124,3.552408227746274
2022-04-22,-35.837155835663104,-23.937338568531544,-8.694006256237111,2.699867907948999
2022-04-23,-35.146021949787205,-24.94884668120881,-9.121916569444888,2.3538839854293228
2022-04-24,-36.67545560171954,-26.06601863997419,-10.635337911757428,1.6636763909837358
2022-04-25,-35.258506682211184,-24.2508367208785,-9.828790659385264,0.6453640217568166
2022-04-26,-34.94181927188363,-25.68266927656793,-9.975694706595602,0.887437591355398
2022-04-27,-35.06117001945087,-25.098672777566634,-10.985612135351545,0.19475441614687206
2022-04-28,-35.996943448390134,-23.43355588571763,-11.426447863566032,0.11064915157208051
2022-04-29,-36.08360828090226,-23.174138343617173,-10.587471702770584,-0.0232893813033362
2022-04-30,-36.42416391732528,-23.708183673399876,-10.654173911356818,0.4858558613616452
2022-05-01,-35.62561591033647,-23.431561274347494,-10.045809125850257,-0.4618560233474303
2022-05-02,-34.483970536720896,-23.27984913126334,-11.479602598889668,1.79874660936539
2022-05-03,-34.36225794719029,-21.596793943127512,-11.271270704068568,0.330587418684809
2022-05-04,-35.68636729662038,-23.012737170092212,-11.994741881061596,1.4846453231322632
2022-05-05,-36.00474502741693,-22.416135805472432,-12.08857385764976,1.1685627736448534
2022-05-06,-34.68825716112044,-20.89138677740878,-13.015564777170225,0.6108649931967005
2022-05-07,-36.45879500981437,-20.760484475710086,-13.519518128220541,0.31655376746707253
2022-05-08,-36.32468296076482,-20.604365080624625,-13.512766867662753,2.0668341438868936
2022-05-09,-36.00590611709402,-20.691921424141487,-13.799389481254488,0.6414047828855161
2022-05-10,-35.215286353004345,-21.043061032477887,-13.672098410618903,1.1415503426666445
2022-05-11,-33.81263325272223,-18.93888562500144,-14.218133699342866,1.1806669313707674
2022-05-12,-33.76459663732452,-18.676949244174597,-14.461369083040879,-0.4508849842418572
2022-05-13,-34.90634376836773,-17.37114438423257,-12.4503314748567,0.18235656011678547
2022-05-14,-34.92206274336134,-17.87671271701652,-13.05979762954929,0.7647815158133822
2022-05-15,-33.08670830133733,-19.12163699082432,-12.473568135953801,0.23130959873124946
2022-05-16,-31.825548313707976,-17.57868230661224,-12.528923356898172,-1.2648173615183338
2022-05-17,-30.959579673208868,-16.626963923271386,-12.16677637979124,-0.36615077174506494
2022-05-18,-31.01948971736489,-16.2484152662951,-11.08293498758576,-1.4580848008818146
2022-05-19,-31.755637988352017,-14.70091363879587,-11.10365101884413,-1.905894973240418
2022-05-20,-31.896657141843278,-14.140278485539806,-11.681692437007268,0.858515584697134
2022-05-21,-32.71664827076384,-13.998725205105055,-12.217105503062855,1.0192333557956685
2022-05-22,-32.8410613472213,-13.889154472159657,-9.839733970042499,0.18505242634924512
2022-05-23,-33.050578451785626,-13.41885326904976,-8.405468264334765,1.2078259567870964
2022-05-24,-32.887044846555916,-12.393837172290018,-9.885075498725476,0.3321233318631407
2022-05-25,-30.780130985516344,-12.479404171685742,-9.818304094031593,0.8668398109601914
2022-05-26,-30.384407117758066,-14.231308547930746,-10.087109636656528,0.7556631427328795
2022-05-27,-31.049320392030282,-13.180666702175778,-8.82509252495855,0.11705813685679012
2022-05-28,-30.14565121225083,-13.859873346641074,-9.83096853002416,-1.8675713358810948
2022-05-29,-29.917648874994242,-13.61638892856668,-11.179279497402472,-1.4900039538431298
2022-05-30,-29.774019927182238,-14.290410293627536,-11.071940101219978,-2.2806018115999653
2022-05-31,-28.910716627042103,-12.762026723767908,-11.2982945758173,-2.626333553391235
2022-06-01,-29.145841985470433,-11.724627339572889,-9.694576196667391,-2.12999539130892
2022-06-02,-29.25352483163739,-12.475312633616236,-8.275483740626575,-2.0699409421530817
2022-06-03,-28.571129818913963,-11.601882688424622,-9.850702391219281,-2.813753045691209
2022-06-04,-29.744163232837348,-10.97532151196718,-9.055973050250026,-2.462108641516357
2022-06-05,-30.106703996591126,-10.292493103580767,-9.18908307055456,-4.9783601177958205
2022-06-06,-31.03667516206998,-11.55633600865885,-7.627906634945651,-4.349692648709432
2022-06-07,-30.924531320307647,-11.206324530874705,-6.588417710305861,-3.237820008608712
2022-06-08,-32.477060542307086,-10.590556612095735,-8.167783041163892,-1.6334239713616374
2022-06-09,-32.212163560212176,-9.959681028305642,-8.579971083046381,-2.1894065772827984
2022-06-10,-34.05705077539987,-9.741282066442626,-7.443715751782858,-3.285695998091047
2022-06-11,-32.96431259217787,-10.363956294638065,-8.221372867679575,-3.073297854443773
2022-06-12,-33.50971141778209,-11.370886466459172,-8.461559582074099,-2.589360165238546
2022-06-13,-34.321634933005875,-11.766128396195294,-6.17262845606087,-1.9025122151984002
2022-06-14,-34.17830791194949,-11.182160729823567,-5.414189346726242,-0.059941616306200984
2022-06-15,-35.675731794574666,-10.362038421637646,-5.0861739578801615,-0.009988869129547426
2022-06-16,-35.880768231235024,-10.603530565884018,-3.8383966858877447,0.46320158701392844
2022-06-17,-35.49307450996073,-9.563820534957253,-3.09113246934132,0.39128364707161173
2022-06-18,-34.67336606029154,-9.07032409439104,-4.269270890347124,0.1472632414287366
2022-06-19,-35.91687514335855,-8.882427054201527,-4.563999936084135,1.0000836033111555
2022-06-20,-35.82871376987764,-8.51874195410208,-4.959501869907574,1.1891790716152053
2022-06-21,-36.89414822885344,-7.121207928441451,-3.645954556628473,1.5691009517872805
2022-06-22,-36.32902793662098,-7.9245818546514535,-3.8752786439971896,2.8641583018519903
2022-06-23,-37.855654252863104,-7.516636610114064,-2.1662353778158256,4.429189795600478
2022-06-24,-37.41103043028827,-8.863415152142666,-2.691979078925562,3.924992437585283
2022-06-25,-37.91826199690324,-7.746759272906575,-2.2312883866614657,5.615272940756852
2022-06-26,-39.24940405974426,-7.633375187470065,-2.6824636345798174,6.197863613823779
2022-06-27,-39.613454934456364,-6.686064076392281,-2.088409985786381,5.835862066259139
2022-06-28,-38.78284967279186,-7.686521602080341,-2.7727932449614667,4.711235970221104
2022-06-29,-39.675244439714525,-7.555489703941495,-3.712916793939534,4.204269152100187
2022-06-30,-40.678972077423296,-5.7501802133432935,-3.3436457901725793,3.7193081407775805
2022-07-01,-41.858662755734386,-4.903115634661096,-2.171564951200183,3.004346113010233
2022-07-02,-41.80705431124148,-6.155360140472254,-3.532010345634469,3.5489502293651403
2022-07-03,-41.95478284855863,-5.6775569582769325,-3.922493907041975,1.9678564812474681
2022-07-04,-42.95420282001565,-3.6948150895143113,-4.131540531726145,1.7618394297562325
2022-07-05,-42.02979093498776,-3.786955068776962,-5.942301360195852,2.1733879986109406
2022-07-06,-42.061242756230996,-2.4946924849068832,-4.955422461518995,2.2714708841386746
2022-07-07,-43.733597197053925,-1.8706838768482112,-4.403764688361304,4.065693825229243
2022-07-08,-45.28037959155889,-2.166851644962276,-4.695140616709608,4.847552301115984
2022-07-09,-45.92962961693352,-0.7198855920424925,-5.2705472230798796,6.569275776300083
2022-07-10,-45.440198879033865,-1.2760064846334709,-6.995213630849937,8.399065049594206
2022-07-11,-45.72965615194782,0.224676669558324,-6.970114686409212,8.60612496744233
2022-07-12,-46.65123818968166,-0.1799621486149603,-7.320489292913312,7.589437921352711
2022-07-13,-46.800756763058004,-1.431009864274145,-7.187119273926408,7.0165490609472485
2022-07-14,-46.97648603676103,0.017842270600022747,-7.6605403756547785,7.317939891957284
2022-07-15,-46.36688828990335,1.5955161909305355,-6.6105911323877855,9.360842066405315
2022-07-16,-47.33621653193039,2.292922408900381,-6.950818324603465,11.078790639002838
2022-07-17,-48.69971790585318,3.1250926119829967,-7.660589920435201,11.575823025760341
2022-07-18,-48.12146172371182,1.9707095612167231,-7.034789233907055,12.737699518514887
2022-07-19,-49.67866665918034,1.3608894595070424,-8.664576855185551,12.992534568635463
2022-07-20,-49.672239428369096,-0.08346603799237551,-8.51707094223842,12.893465420558785
2022-07-21,-47.93244635451615,-0.7155028262819448,-8.831494784248253,13.334804781372924
2022-07-22,-47.98646612175335,-1.3913874332410439,-8.98363024147861,13.57778861783586
2022-07-23,-49.63771802812927,-0.7381328157098517,-7.324719964565088,14.844664517471378
2022-07-24,-49.30802844806948,-1.5336736258464176,-7.347600333515775,15.153350725097539
2022-07-25,-48.19465075738425,-2.182176606069853,-7.4013072060539375,15.758566940136461
2022-07-26,-47.593231891321075,-1.5992374688687665,-7.233650989919996,16.85804278945763
2022-07-27,-47.29884122004068,-1.7635611878133115,-5.649676716228903,18.810084162208458
2022-07-28,-46.035765565976384,-0.08648843042257726,-5.466437420268567,17.430898215407517
2022-07-29,-46.55296030813179,-0.7540085853340073,-6.525266905086949,16.91218040321435
2022-07-30,-47.424194183830934,-0.8760448801889679,-9.828114342255674,16.298662261399663
2022-07-31,-47.82462903419721,-1.0181620700154157,-10.194455451527245,15.60042937221891
2022-08-01,-48.844960480959585,-1.1336962817249074,-11.080408187949669,15.988654768989743
2022-08-02,-48.565790421408764,-2.510099689030814,-13.438824885082463,13.371837739725615
2022-08-03,-50.07543872113986,-2.2352479736628554,-14.899893237759413,12.812420399596483
2022-08-04,-50.338720676608524,-1.8485509631581254,-14.871908327668304,12.382184330283406
2022-08-05,-49.272293296097764,-1.4308852514693422,-14.566283892234562,11.014761193383476
2022-08-06,-50.11630801198464,-1.7333048512543194,-14.92807625053937,11.365237325782829
2022-08-07,-49.89576058104502,-1.7393387390521116,-14.549529412543789,11.880430752991897
2022-08-08,-49.07004488991117,-1.910529174737953,-12.46751001679384,13.898013131527268
2022-08-09,-48.96937100551158,-2.3247574303079115,-12.448400468189357,15.203419413911986
2022-08-10,-47.56785810308313,-2.6441435226476946,-12.533985568180405,14.024254119187791
2022-08-11,-48.19977551343148,-2.7084634841564057,-13.204756036109247,17.51156983246564
2022-08-12,-46.93567239991378,-3.8350105530364256,-13.781879692126857,16.793631486743582
2022-08-13,-47.79688708495007,-3.3014290057939446,-15.53728006336299,16.91206224321071
2022-08-14,-48.26144100626991,-2.766145326583837,-16.553517432466744,17.58043687587877
2022-08-15,-49.16552792633227,-2.820168888121258,-15.548888506707586,18.096270459558955
2022-08-16,-49.10873846081721,-3.014295885466114,-17.110968371026903,19.048455565057697
2022-08-17,-50.22480406082797,-2.3469989784387524,-16.85983975908496,16.45165196665063
2022-08-18,-49.72068053049464,-3.446704225593968,-17.107446730773056,17.530514191721362
2022-08-19,-47.77080116258763,-3.527741875738374,-18.10708062647602,17.959274783487928
2022-08-20,-48.52439913612757,-5.146754402933626,-18.763721956143904,17.317296617614396
2022-08-21,-47.75120045791401,-4.388288422942173,-20.091428431809472,17.538423080979317
2022-08-22,-46.79180204917525,-4.077680460888382,-20.408176929583078,18.012679279767603
2022-08-23,-46.295770271930344,-6.613112728627264,-21.262805813472397,16.406227899744216
2022-08-24,-46.9203921265896,-6.5273005362065195,-20.99997292213186,16.006639730424382
2022-08-25,-47.08755878637671,-5.904945853038858,-20.901631606386474,14.593506774899335
2022-08-26,-47.81153251824717,-6.118466763911635,-22.188250957897658,14.504455007818198
2022-08-27,-47.45484934734107,-5.743239241213692,-22.01529681587853,13.643658652539173
2022-08-28,-47.413538295474886,-5.636474189976716,-20.450304410860976,13.64990119097597
2022-08-29,-47.051554186214275,-4.99451360755133,-22.163974131015678,14.49742143804066
2022-08-30,-46.91415963795352,-6.286922454614035,-22.77807838433601,15.554150360007316
2022-08-31,-46.44722823333758,-5.739705936145177,-22.96285718346158,15.238657464723339
2022-09-01,-46.23489073220104,-6.201553511696655,-23.348676574660455,15.883940716876944
2022-09-02,-47.06136607339508,-6.079740342848901,-24.210999116164505,14.457769152562351
2022-09-03,-47.08533114672249,-6.618493149305278,-25.69700443094011,13.422992685461368
2022-09-04,-47.948738876304006,-5.9943773466614365,-25.94397848569424,14.376460917592766
2022-09-05,-47.298579129173525,-8.739909510164196,-23.66258463611236,13.728793803412668
2022-09-06,-48.87901192198929,-8.380326122531288,-22.98338432891985,14.067145509444314
2022-09-07,-49.049879383348475,-7.236229692281514,-23.195573080616875,16.155302261537948
2022-09-08,-50.57111771468385,-6.76448450186516,-24.8432875550328,13.74444214668075
2022-09-09,-52.00788866567669,-6.668660402344747,-24.635678298799277,13.55279771059977
2022-09-10,-52.22501952204401,-8.775682344090432,-23.961386992175523,11.85548473375868
2022-09-11,-52.13580640595886,-10.039637450156206,-22.97126361646186,13.35889818645696
2022-09-12,-51.04295371856868,-9.422157577562182,-23.587611321348803,12.849859698727919
2022-09-13,-49.94729724769016,-8.798769817780862,-24.79897754644639,14.795083634532077
2022-09-14,-50.69380157372486,-6.861924806350499,-23.057137782072285,13.746806105573596
2022-09-15,-51.76127075036894,-8.148679632683688,-23.14564896213088,13.381779920093305
2022-09-16,-51.79068972284858,-7.1421111508939985,-23.555141128367325,13.718130131304786
2022-09-17,-51.69643132747199,-6.050283716421477,-22.59778957568769,12.754360231001488
2022-09-18,-51.49807616448816,-6.905987678787579,-22.761215126116763,14.073460241631183
2022-09-19,-50.14033765450303,-6.4403281337460925,-22.51134525116946,12.387660773889545
2022-09-20,-49.55250160397544,-5.731150226989705,-23.17796945711535,12.263189625165857
2022-09-21,-46.54901111518795,-4.430693097889338,-22.459805395677876,12.014936708222155
2022-09-22,-46.626196031716866,-4.2703955917990495,-22.564360413291144,12.217842514825406
2022-09-23,-47.944028054704525,-4.008463564241305,-22.463692513798605,12.591374393449074
2022-09-24,-48.13077062460809,-3.776732497157481,-22.104685298105466,13.263554014881667
2022-09-25,-47.82886124823524,-2.8628533721954854,-21.90709352201546,13.01425269636293
2022-09-26,-48.26879962639651,-4.031594188687691,-20.84032172593517,15.233100019238929
